{
    "ANG MO KIO": {
        "Ang Mo Kio": [
            103.845434,
            1.369115,
            0
        ],
        "Upper Thomson": [
            103.828511,
            1.372888,
            0
        ]
    },
    "BEDOK": {
        "Bedok": [
            103.927341,
            1.323604,
            0
        ],
        "Eastwood": [
            103.955441,
            1.321403,
            0
        ],
        "Kew Drive": [
            103.950736,
            1.320398,
            0
        ],
        "Upper East Coast": [
            103.939865,
            1.314821,
            0
        ]
    },
    "BISHAN": {
        "Bishan": [
            103.835212,
            1.352585,
            0
        ]
    },
    "BOON LAY": {},
    "BUKIT BATOK": {
        "Bukit Batok": [
            103.76368,
            1.359029,
            0
        ],
        "Hillview": [
            103.767114,
            1.362219,
            0
        ]
    },
    "BUKIT MERAH": {
        "Bukit Merah": [
            103.823918,
            1.281905,
            0
        ],
        "Harbourfront": [
            103.820499,
            1.265973,
            0
        ],
        "Telok Blangah": [
            103.809861,
            1.270717,
            0
        ],
        "Tiong Bahru": [
            103.824789,
            1.286533,
            0
        ]
    },
    "BUKIT PANJANG": {
        "Bukit Panjang": [
            103.77195,
            1.377414,
            0
        ],
        "Upper Bukit Timah": [
            103.768061,
            1.357637,
            0
        ]
    },
    "BUKIT TIMAH": {
        "Bukit Timah": [
            103.802078,
            1.329411,
            0
        ],
        "Holland Road": [
            103.79839,
            1.312939,
            0
        ],
        "Ulu Pandan": [
            103.776284,
            1.320683,
            0
        ],
        "Watten Estate": [
            103.81108,
            1.328497,
            0
        ]
    },
    "CENTRAL WATER CATCHMENT": {},
    "CHANGI": {
        "Changi": [
            103.983209,
            1.34501,
            0
        ]
    },
    "CHANGI BAY": {},
    "CHOA CHU KANG": {
        "Choa Chu Kang": [
            103.746961,
            1.38398,
            0
        ]
    },
    "CLEMENTI": {
        "Clementi": [
            103.764938,
            1.316181,
            0
        ],
        "Clementi Park": [
            103.765638,
            1.326106,
            0
        ]
    },
    "DOWNTOWN CORE": {
        "Anson": [
            103.844496,
            1.273916,
            0
        ],
        "Cecil": [
            103.848173,
            1.279352,
            0
        ],
        "Marina": [
            103.848935,
            1.274696,
            0
        ],
        "Raffles Place": [
            103.851327,
            1.2841,
            0
        ]
    },
    "GEYLANG": {
        "Eunos": [
            103.902832,
            1.319763,
            0
        ],
        "Geylang": [
            103.891775,
            1.320054,
            0
        ],
        "Joo Chiat": [
            103.902027,
            1.309909,
            0
        ],
        "Macpherson": [
            103.88991,
            1.326726,
            0
        ]
    },
    "HOUGANG": {
        "Hougang": [
            103.886253,
            1.361218,
            0
        ]
    },
    "JURONG EAST": {
        "Jurong": [
            103.743552,
            1.332857,
            0
        ],
        "Jurong East": [
            103.743552,
            1.332857,
            0
        ]
    },
    "JURONG WEST": {
        "Jurong West": [
            103.708988,
            1.34039,
            0
        ]
    },
    "KALLANG": {
        "Golden Mile": [
            103.864888,
            1.302606,
            0
        ],
        "Kallang": [
            103.865106,
            1.310033,
            0
        ]
    },
    "LIM CHU KANG": {},
    "MANDAI": {},
    "MARINA EAST": {},
    "MARINA SOUTH": {},
    "MARINE PARADE": {
        "Amber Road": [
            103.900067,
            1.300003,
            0
        ],
        "Katong": [
            103.904956,
            1.305967,
            0
        ],
        "Marine Parade": [
            103.897082,
            1.301969,
            0
        ]
    },
    "MUSEUM": {},
    "NEWTON": {
        "Ardmore": [
            103.828955,
            1.3091,
            0
        ],
        "Cairnhill": [
            103.838921,
            1.307695,
            0
        ]
    },
    "NORTH-EASTERN ISLANDS": {},
    "NOVENA": {
        "Balestier": [
            103.852179,
            1.323311,
            0
        ],
        "Novena": [
            103.842432,
            1.320857,
            0
        ],
        "Thomson": [
            103.841163,
            1.327832,
            0
        ],
        "Whampoa": [
            103.857133,
            1.324712,
            0
        ]
    },
    "ORCHARD": {
        "Orchard": [
            103.831824,
            1.304843,
            0
        ]
    },
    "OUTRAM": {
        "People's Park": [
            103.843681,
            1.285433,
            0
        ],
        "Tanjong Pagar": [
            103.840447,
            1.27803,
            0
        ]
    },
    "PASIR RIS": {
        "Central": [
            103.950427,
            1.372349,
            0
        ],
        "Loyang": [
            103.964138,
            1.379992,
            0
        ],
        "Pasir Ris": [
            103.947373,
            1.372094,
            0
        ]
    },
    "PAYA LEBAR": {},
    "PIONEER": {},
    "PUNGGOL": {
        "Punggol": [
            103.907205,
            1.398446,
            0
        ]
    },
    "QUEENSTOWN": {
        "Hong Leong Garden": [
            103.791904,
            1.276033,
            0
        ],
        "Pasir Panjang": [
            103.791904,
            1.276033,
            0
        ],
        "Queenstown": [
            103.786127,
            1.294166,
            0
        ]
    },
    "RIVER VALLEY": {
        "River Valley": [
            103.836061,
            1.295938,
            0
        ]
    },
    "ROCHOR": {
        "Little India": [
            103.851819,
            1.30656,
            0
        ],
        "Middle Road": [
            103.853774,
            1.298786,
            0
        ]
    },
    "SELETAR": {
        "Seletar": [
            103.866342,
            1.405163,
            0
        ]
    },
    "SEMBAWANG": {
        "Sembawang": [
            103.818495,
            1.449111,
            0
        ]
    },
    "SENGKANG": {
        "Sengkang": [
            103.891443,
            1.386812,
            0
        ]
    },
    "SERANGOON": {
        "Clementi New Town": [
            103.866111,
            1.364753,
            0
        ],
        "Serangoon": [
            103.867871,
            1.355357,
            0
        ],
        "Serangoon Garden": [
            103.866242,
            1.363732,
            0
        ]
    },
    "SIMPANG": {},
    "SINGAPORE RIVER": {},
    "SOUTHERN ISLANDS": {},
    "STRAITS VIEW": {},
    "SUNGEI KADUT": {
        "Kranji": [
            103.762028,
            1.425227,
            0
        ]
    },
    "TAMPINES": {
        "Dairy Farm": [
            103.932199,
            1.372484,
            0
        ],
        "Tampines": [
            103.956788,
            1.349591,
            0
        ]
    },
    "TANGLIN": {
        "Tanglin": [
            103.818884,
            1.306932,
            0
        ]
    },
    "TENGAH": {},
    "TOA PAYOH": {
        "Braddell": [
            103.847073,
            1.340541,
            0
        ],
        "Toa Payoh": [
            103.856327,
            1.334304,
            0
        ]
    },
    "TUAS": {},
    "WESTERN ISLANDS": {},